{"noiseKey":{"private":{"type":"Buffer","data":"CCajv12Mks5jpMj4YAB1ZB++KK3K9U4wlLCPWKXLvUg="},"public":{"type":"Buffer","data":"lPu8BtEfEPCe8WuCXQEJwlbEA1dMqU78jQhfMllF4EY="}},"pairingEphemeralKeyPair":{"private":{"type":"Buffer","data":"oIr6sisKPvKytBo7dHbtw3UW7ttTyGJ2r0SAs4g1xWo="},"public":{"type":"Buffer","data":"ALASUFho24WU8pkY4WR/QhH7XOPt+rtFZgG1fT5Pswg="}},"signedIdentityKey":{"private":{"type":"Buffer","data":"4KEU6XkihWMUECYDAQPmgTc9Fb2ayjavmCIZKFv0724="},"public":{"type":"Buffer","data":"R9KVbkLBZ222NiyDkzfna7zIe+BWrXcl4l2ds6h5D2k="}},"signedPreKey":{"keyPair":{"private":{"type":"Buffer","data":"YGEGzKZuxIzSw6SVR7zb/pebsdkWfnTYtZRJiIVIS1w="},"public":{"type":"Buffer","data":"lUNSszL68g3ZNXdfaubQ25ICiNdC8dN9+YJo7mAJ9VE="}},"signature":{"type":"Buffer","data":"klsZq45s08Na0QOaN+7HtoWshuOvQZM6hdeTvqEdSjXzC7BEQnc0fflqdktrt8lofdtrS2O3u9P4ySnVMMwOCg=="},"keyId":1},"registrationId":89,"advSecretKey":"nIE7ZF/DMYsnA7uMBDRfdDZMU4y/W2F8kfYmPQ1SHzA=","processedHistoryMessages":[{"key":{"remoteJid":"918428964362@s.whatsapp.net","fromMe":true,"id":"ACBB6FF2EC93D10D36F2BB994DC0058A"},"messageTimestamp":1759201169},{"key":{"remoteJid":"918428964362@s.whatsapp.net","fromMe":true,"id":"AC43A7C80399D40966899013C08B1FDC"},"messageTimestamp":1759201169},{"key":{"remoteJid":"918428964362@s.whatsapp.net","fromMe":true,"id":"ACD359BF51DB5C5B50C493FAAF0C9572"},"messageTimestamp":1759201170},{"key":{"remoteJid":"918428964362@s.whatsapp.net","fromMe":true,"id":"AC4E8CF643928C94FE2850238A60772A"},"messageTimestamp":1759201170}],"nextPreKeyId":31,"firstUnuploadedPreKeyId":31,"accountSyncCounter":1,"accountSettings":{"unarchiveChats":false},"deviceId":"iop8h6cUSo2UkKCKi5kikg","phoneId":"1f726e18-d75d-4828-aa77-1cfd225bee55","identityId":{"type":"Buffer","data":"pyFg4fjGxtR/1JAW+o4fVAZikMI="},"registered":true,"backupToken":{"type":"Buffer","data":"zZLymrufNHEVhwqWjdj84VSQjOc="},"registration":{},"pairingCode":"DRAY1922","me":{"id":"918428964362:1@s.whatsapp.net","lid":"204393853001813:1@lid","name":"⚘ᴩᴀᴛʜɪʀᴀᴊ.Py™♨ヅ-ꜱᴇʀᴠᴇʀ⚡"},"account":{"details":"CNrgvaEBEIeP7cYGGAEgACgA","accountSignatureKey":"f/beVUV93g6A+C8bN+Rw0+18EByVU7V7aw2hDAUlIHc=","accountSignature":"JKAg7GVqTz+V9T1HIMPYR0y8G++3uyCQ7xLFd7xjtbhhSVj4aHiDveSjVq4zsjKFIA67D9IS23ZKuN5SuWgIDA==","deviceSignature":"XRGdlSGXJClfS7ylcsmOosYEezhmVkIxST+esN5A+VwX/kO00v8PYKuSX3cAqXuzgimoQsR0No0G4PyAsAAvCA=="},"signalIdentities":[{"identifier":{"name":"918428964362:1@s.whatsapp.net","deviceId":0},"identifierKey":{"type":"Buffer","data":"BX/23lVFfd4OgPgvGzfkcNPtfBAclVO1e2sNoQwFJSB3"}}],"platform":"android","routingInfo":{"type":"Buffer","data":"CAIIDQ=="},"lastAccountSyncTimestamp":1759201167,"myAppStateKeyId":"AAAAAJ4R"}